<?xml version="1.0" encoding="UTF-8" standalone="yes"?>
<OPCUAMachineAdapterConfig>
	<OPCUAClientConfig>
		<AppName>PredixMachine_OPCUAAdapter</AppName>
<!-- CHANGE The ServerURI -->
		<ServerUri>opc.tcp://localhost:4841</ServerUri>
		<AppUri>urn:localhost:UA:PredixMachine_OPCUAAdapter</AppUri>
		<ProductUri>urn:ge.com:UA:PredixMachine_OPCUAAdapter</ProductUri>
	</OPCUAClientConfig>
	<DataNodeConfigs>
<!-- REMOVE THIS LINE
         <DataNode>
                 <Name>Node 1</Name>
                 <StringId>2:Demo.SimulationSpeed</StringId>
         </DataNode>
         <DataNode>
                 <Name>Node 2</Name>
                 <StringId>2:Demo.Dynamic.Scalar.Int32</StringId>
         </DataNode>
         <DataNode>
                 <Name>New_Node 1</Name>
                 <StringId>2:Demo.Massfolder_Dynamic.Variable0009</StringId>
         </DataNode>
         <DataNode>
                 <Name>New_Node 7</Name>         
                 <NodeId>ns=2;i=4294967294</NodeId>
        </DataNode>
        <DataNode>
                 <Name>New_Node 8</Name>
                 <NodeId>ns=2;g=f144b0f6-5079-4ea0-be0a-f45d585cdd44</NodeId>
        </DataNode>
        <DataNode>
                 <Name>New_Node 9</Name>
                 <NodeId>ns=2;b=YWJjZA==</NodeId>
        </DataNode>
            <DataNode>
                 <Name>New_Node 10</Name>
                 <NodeId>ns=2;s=Demo.Static.Scalar.UInt32</NodeId>               
        </DataNode>
REMOVE THIS LINE -->
	</DataNodeConfigs>
	<DataSubscriptionConfigs>
<!-- REMOVE THIS LINE
        <DataSubscriptionConfig>
                <Name>OPCUA_Subscription_1</Name>  
                <TimestampOrigin>Source</TimestampOrigin>  
                <PublishingInterval>1000</PublishingInterval>
                <DataChangeFilter trigger="StatusValue" deadbandType="Absolute" deadbandValue="1.0"/>
                <DataNode>
                        <Name>Node 1</Name>
		                <DataChangeFilter trigger="StatusValue" deadbandType="Absolute" deadbandValue="2.0"/>
                </DataNode>
                <DataNode>
                        <Name>Node 2</Name>
                </DataNode>
                <DataNode>
                        <Name>New_Node 7</Name>
                </DataNode>
                <DataNode>
                        <Name>New_Node 8</Name>
                </DataNode>
        </DataSubscriptionConfig>
        <DataSubscriptionConfig>
                <Name>OPCUA_Subscription_2</Name>
                <TimestampOrigin>Server</TimestampOrigin>  
                <PublishingInterval>1500</PublishingInterval>
                <DataNode>
                        <Name>New_Node 1</Name>
                </DataNode>
                <DataNode>
                        <Name>New_Node 9</Name>
                </DataNode>
                <DataNode>
                        <Name>New_Node 10</Name>
                </DataNode>
        </DataSubscriptionConfig>
REMOVE THIS LINE -->
	</DataSubscriptionConfigs>
</OPCUAMachineAdapterConfig>